match_id,date,round,team1,team2,team1_goals,team2_goals,goal_difference,win_rate_diff_last5,clean_sheet_rate_diff_last5,avg_goals_scored_diff_last5,avg_goals_conceded_diff_last5,draw_rate_diff_last5,scoring_rate_diff_last5,concede_2plus_rate_diff_last5,goal_diff_std_diff_last5
1,2026-06-11,Group stage,Mexico,South Africa,2,0,2,0.39999999999999997,0.39999999999999997,0.6000000000000001,-0.9999999999999999,0.0,0.0,-0.6,0.8366600265340756
2,2026-06-11,Group stage,Korea Republic,Czechia,2,1,1,0.0,0.39999999999999997,-1.6,-0.19999999999999996,-0.4,-0.4,-0.2,0.7963554254332501
3,2026-06-12,Group stage,Canada,Bosnia–Herz,1,1,0,0.4,0.39999999999999997,0.5999999999999999,-0.20000000000000007,-0.4,0.0,0.2,1.0954451150103324
4,2026-06-12,Group stage,USA,Paraguay,4,1,3,-0.19999999999999996,-0.4,0.40000000000000013,1.4,0.0,-0.19999999999999996,0.4,0.7254972319104018
5,2026-06-13,Group stage,Qatar,Switzerland,1,1,0,-0.2,0.0,-1.6,-0.19999999999999996,-0.19999999999999996,-0.6000000000000001,0.0,-0.2918302174187213
6,2026-06-13,Group stage,Brazil,Morocco,1,1,0,0.19999999999999996,-0.2,1.0,0.5999999999999999,-0.2,0.19999999999999996,0.4,0.0
7,2026-06-13,Group stage,Australia,Türkiye,2,0,2,-0.4,-0.39999999999999997,-0.6000000000000001,0.6,0.0,-0.4,0.0,1.0718607322986469
8,2026-06-13,Group stage,Haiti,Scotland,0,1,-1,-0.19999999999999996,0.2,-0.7999999999999998,-0.19999999999999996,0.2,0.20000000000000007,0.0,-0.13422454777638704
9,2026-06-14,Group stage,Germany,Curaçao,7,1,6,0.8,0.0,2.4000000000000004,-1.2000000000000002,-0.2,0.4,-0.39999999999999997,-0.8601047735241116
10,2026-06-14,Group stage,Netherlands,Japan,2,2,0,-0.4,-0.8,0.19999999999999996,0.8,0.2,-0.19999999999999996,0.0,0.9764015023870548
11,2026-06-14,Group stage,Côte d'Ivoire,Ecuador,1,0,1,0.20000000000000007,0.19999999999999996,0.5999999999999999,0.20000000000000007,-0.4,0.0,0.2,0.6455183879212629
12,2026-06-14,Group stage,Sweden,Tunisia,5,1,4,0.2,-0.4,1.6,0.40000000000000013,0.0,0.6,0.39999999999999997,-0.8619681824925822
13,2026-06-15,Group stage,Belgium,Egypt,1,1,0,0.4,-0.20000000000000007,2.8,0.19999999999999996,-0.2,0.4,0.0,0.7783128110541246
14,2026-06-15,Group stage,Spain,Cabo Verde,0,0,0,0.0,0.0,-0.19999999999999996,-0.3999999999999999,0.19999999999999996,-0.19999999999999996,0.0,-0.7537347764947848
15,2026-06-15,Group stage,Saudi Arabia,Uruguay,1,1,0,0.0,0.0,0.19999999999999996,0.20000000000000018,-0.39999999999999997,0.0,0.39999999999999997,0.560621210640434
16,2026-06-15,Group stage,IR Iran,New Zealand,2,2,0,0.39999999999999997,0.6,1.4000000000000001,-1.4,0.2,0.6000000000000001,-0.39999999999999997,-0.2862629344646894
17,2026-06-16,Group stage,France,Senegal,3,1,2,0.20000000000000007,-0.6,0.7999999999999998,0.3999999999999999,-0.2,0.19999999999999996,0.0,0.0
18,2026-06-16,Group stage,Iraq,Norway,1,4,-3,0.0,0.0,-1.0,0.0,-0.2,-0.20000000000000007,0.0,-0.3393271914749687
19,2026-06-16,Group stage,Argentina,Algeria,3,0,3,0.4,0.0,0.3999999999999999,-0.2,-0.2,0.4,-0.2,-2.018958817122428
20,2026-06-16,Group stage,Austria,Jordan,3,1,2,0.8,0.6,0.6000000000000001,-2.2,-0.2,0.19999999999999996,-1.0,0.21273460776978026
21,2026-06-17,Group stage,Portugal,Congo DR,1,1,0,0.4,-0.19999999999999996,2.2,0.0,0.0,0.20000000000000007,-0.2,1.9055208261357124
22,2026-06-17,Group stage,England,Croatia,4,2,2,0.0,0.6,-0.20000000000000018,-1.4,0.2,0.0,-0.6,-0.06202884243130846
23,2026-06-17,Group stage,Ghana,Panama,1,0,1,-0.4,0.0,-1.4,0.0,-0.2,-0.4,0.19999999999999996,-0.7637757613879659
24,2026-06-17,Group stage,Uzbekistan,Colombia,1,3,-2,-0.39999999999999997,0.0,-1.2,-0.19999999999999996,0.4,-0.6,0.0,-0.6847086414487478
25,2026-06-18,Group stage,Czechia,South Africa,1,1,0,0.4,-0.2,1.4,0.20000000000000018,0.0,0.4,0.0,0.3035153985650625
26,2026-06-18,Group stage,Switzerland,Bosnia–Herz,4,1,3,0.2,0.0,1.0,0.5999999999999999,-0.4,0.0,0.2,1.5165750888103102
27,2026-06-18,Group stage,Canada,Qatar,6,0,6,0.2,0.2,0.7999999999999999,-0.3999999999999999,0.20000000000000007,0.4,0.0,-0.40941329004061366
28,2026-06-18,Group stage,Mexico,Korea Republic,1,0,1,0.20000000000000007,0.19999999999999996,0.6000000000000001,-0.7999999999999999,0.2,0.4,-0.2,-1.8030956476118642
29,2026-06-19,Group stage,USA,Australia,2,0,2,-0.19999999999999996,-0.4,0.19999999999999996,1.7999999999999998,-0.2,0.0,0.8,0.48478050959132446
30,2026-06-19,Group stage,Scotland,Morocco,0,1,-1,0.19999999999999996,0.2,0.0,-0.20000000000000007,-0.6,-0.4,0.0,0.5483000426293989
31,2026-06-19,Group stage,Türkiye,Paraguay,0,1,-1,0.20000000000000007,0.19999999999999996,-0.19999999999999996,-0.7999999999999999,0.0,-0.19999999999999996,-0.2,-0.4863606185214171
32,2026-06-19,Group stage,Brazil,Haiti,3,0,3,0.39999999999999997,-0.2,1.4000000000000001,0.3999999999999999,0.0,0.4,0.2,-0.24440993270074562
33,2026-06-20,Group stage,Netherlands,Sweden,5,1,4,-0.19999999999999996,0.0,-1.4,-0.6000000000000001,0.2,-0.19999999999999996,-0.39999999999999997,-1.3994079509657142
34,2026-06-20,Group stage,Germany,Côte d'Ivoire,2,1,1,0.19999999999999996,-0.39999999999999997,1.7999999999999998,0.3999999999999999,0.0,0.0,0.0,0.513318504644436
35,2026-06-20,Group stage,Ecuador,Curaçao,0,0,0,0.2,0.0,0.0,-2.8,0.4,0.0,-0.8,-2.2517136474730446
36,2026-06-20,Group stage,Tunisia,Japan,0,4,-4,-0.6000000000000001,-0.4,-1.2000000000000002,1.8000000000000003,0.0,-0.6,0.2,1.4929907060986245
37,2026-06-21,Group stage,Spain,Saudi Arabia,4,0,4,0.2,0.19999999999999996,0.19999999999999996,-0.6,0.19999999999999996,-0.20000000000000007,-0.4,-0.22895411014240308
38,2026-06-21,Group stage,Belgium,IR Iran,0,0,0,0.0,0.0,0.19999999999999973,-0.19999999999999996,0.2,0.0,-0.2,-0.1808525430846255
39,2026-06-21,Group stage,Uruguay,Cabo Verde,2,2,0,-0.4,-0.19999999999999996,-1.2000000000000002,0.3999999999999999,0.4,-0.20000000000000007,0.0,-0.3790939568680478
40,2026-06-21,Group stage,New Zealand,Egypt,1,3,-2,-0.2,-0.6,-0.19999999999999996,1.4,-0.2,-0.4,0.39999999999999997,0.6648974149418223
41,2026-06-22,Group stage,Argentina,Austria,2,0,2,0.19999999999999996,0.4,0.7999999999999998,-0.39999999999999997,-0.2,0.0,0.0,-0.03333539139117736
42,2026-06-22,Group stage,France,Iraq,3,0,3,0.4,-0.2,1.4,-0.40000000000000013,-0.2,0.19999999999999996,-0.2,-0.5127497314179652
43,2026-06-22,Group stage,Norway,Senegal,3,2,1,0.0,-0.2,0.19999999999999996,-0.3999999999999999,0.2,0.0,-0.2,-0.14568670948433327
44,2026-06-22,Group stage,Jordan,Algeria,1,2,-1,-0.6,-0.8,-1.2,2.0,0.2,0.20000000000000007,0.8,-2.4924171160362887
45,2026-06-23,Group stage,Portugal,Uzbekistan,5,0,5,0.39999999999999997,0.2,0.3999999999999999,-1.0,0.2,0.20000000000000007,-0.6,-0.8366600265340756
46,2026-06-23,Group stage,England,Ghana,0,0,0,0.39999999999999997,0.2,1.0,-1.2,0.0,0.0,-0.39999999999999997,-0.3423995760829448
47,2026-06-23,Group stage,Panama,Croatia,0,1,-1,0.0,0.0,0.40000000000000013,0.0,0.2,0.0,-0.19999999999999996,0.6590052141287692
48,2026-06-23,Group stage,Colombia,Congo DR,1,0,1,0.19999999999999996,-0.39999999999999997,1.0,0.7999999999999999,-0.4,0.19999999999999996,0.2,0.8091834438626546
49,2026-06-24,Group stage,Switzerland,Canada,2,1,1,0.0,-0.39999999999999997,0.0,0.4,0.0,0.0,0.0,-0.9645132895655613
50,2026-06-24,Group stage,Bosnia–Herz,Qatar,3,1,2,0.0,0.0,0.6000000000000001,-0.8000000000000003,0.4,0.6000000000000001,-0.2,-1.2078689702965184
51,2026-06-24,Group stage,Scotland,Brazil,0,3,-3,-0.20000000000000007,0.2,-1.2,-0.4,-0.2,-0.4,-0.2,0.6992120201140863
52,2026-06-24,Group stage,Morocco,Haiti,4,2,2,0.39999999999999997,0.2,0.6000000000000001,-0.7999999999999999,0.2,0.4,-0.4,-0.9452681485934586
53,2026-06-24,Group stage,South Africa,Korea Republic,1,0,1,-0.6,-0.2,-1.0,0.6,0.6,0.0,0.4,-1.5550625517832621
54,2026-06-24,Group stage,Czechia,Mexico,0,3,-3,-0.6,-0.8,-0.40000000000000013,1.2,0.4,0.0,0.4,-0.08456944629245089
55,2026-06-25,Group stage,Curaçao,Côte d'Ivoire,0,2,-2,-0.6000000000000001,-0.19999999999999996,-0.40000000000000013,2.6,0.2,-0.19999999999999996,0.39999999999999997,2.1098633559237543
56,2026-06-25,Group stage,Ecuador,Germany,2,1,1,-0.6,0.2,-2.2,-0.20000000000000007,0.4,-0.4,0.0,-0.7855977978339579
57,2026-06-25,Group stage,Tunisia,Netherlands,1,3,-2,-0.4,0.2,-1.8,1.8,-0.2,-0.6000000000000001,0.39999999999999997,0.2444099327007454
58,2026-06-25,Group stage,Japan,Sweden,1,1,0,0.4,0.8,-0.5999999999999999,-2.2,0.0,0.0,-0.6000000000000001,-1.51657508881031
59,2026-06-25,Group stage,Türkiye,USA,3,2,1,0.0,0.2,-0.6000000000000001,-0.5999999999999999,0.0,-0.20000000000000007,-0.39999999999999997,0.22852875131149597
60,2026-06-25,Group stage,Paraguay,Australia,0,0,0,0.19999999999999996,0.39999999999999997,0.0,0.19999999999999996,-0.2,0.4,0.2,0.19936204632260024
61,2026-06-26,Group stage,Norway,France,1,4,-3,-0.20000000000000007,0.0,-0.3999999999999999,0.0,0.4,-0.19999999999999996,0.0,-0.21273460776978048
62,2026-06-26,Group stage,Senegal,Iraq,5,0,5,0.0,0.0,1.0,0.0,0.0,0.20000000000000007,0.0,-0.30001512364818517
63,2026-06-26,Group stage,Uruguay,Spain,0,1,-1,-0.4,-0.39999999999999997,-0.6000000000000001,1.4,0.20000000000000007,0.20000000000000007,0.4,4.440892098500626e-16
64,2026-06-26,Group stage,Cabo Verde,Saudi Arabia,0,0,0,0.2,0.19999999999999996,0.8,-0.7999999999999999,0.19999999999999996,0.20000000000000007,-0.2,-0.8668124070867285
65,2026-06-26,Group stage,Egypt,IR Iran,1,1,0,-0.19999999999999996,-0.19999999999999996,-1.2,0.20000000000000007,0.0,0.0,0.0,-0.9092147280927818
66,2026-06-26,Group stage,New Zealand,Belgium,1,5,-4,-0.2,-0.6,-0.40000000000000013,1.8000000000000003,-0.39999999999999997,-0.20000000000000007,0.6,0.3975455910882921
67,2026-06-27,Group stage,Croatia,Ghana,2,1,1,0.2,-0.2,0.6,1.0,-0.4,0.20000000000000007,0.19999999999999996,0.5029922474163604
68,2026-06-27,Group stage,Panama,England,0,2,-2,-0.39999999999999997,-0.6,-0.20000000000000018,1.6,0.0,0.0,0.2,0.5868095087836902
69,2026-06-27,Group stage,Congo DR,Uzbekistan,3,1,2,0.2,0.2,0.19999999999999996,-1.5999999999999999,0.2,0.19999999999999996,-0.6000000000000001,-1.034168666852895
70,2026-06-27,Group stage,Colombia,Portugal,0,0,0,0.0,0.0,-0.3999999999999999,0.4,-0.2,0.0,0.2,-0.19148759859825737
71,2026-06-27,Group stage,Jordan,Argentina,1,3,-2,-1.0,-1.0,-2.0,2.6,0.2,-0.19999999999999996,1.0,-0.08456944629245089
72,2026-06-27,Group stage,Algeria,Austria,3,3,0,-0.20000000000000007,0.19999999999999996,-0.6000000000000001,0.0,0.2,-0.20000000000000007,0.0,0.3420317407343467
73,2026-06-28,Round of 32,South Africa,Canada,0,1,-1,-0.2,0.0,-1.6,0.19999999999999996,0.0,-0.4,0.2,-1.65267258365465
74,2026-06-29,Round of 32,Brazil,Japan,2,1,1,0.20000000000000007,-0.19999999999999996,1.2,0.20000000000000007,-0.2,0.0,0.0,2.220446049250313e-16
75,2026-06-29,Round of 32,Germany,Paraguay,1,1,0,0.4,-0.39999999999999997,1.8000000000000003,-0.19999999999999996,-0.2,0.19999999999999996,-0.2,0.18645156399336482
76,2026-06-29,Round of 32,Netherlands,Morocco,1,1,0,0.0,-0.4,0.19999999999999973,0.3999999999999999,-0.2,-0.19999999999999996,0.0,0.25021835309898344
77,2026-06-30,Round of 32,Côte d'Ivoire,Norway,1,2,-1,0.20000000000000007,0.6,-1.0,-1.2000000000000002,-0.2,0.0,-0.2,-1.2067277716339355
78,2026-06-30,Round of 32,France,Sweden,3,0,3,0.6000000000000001,0.2,0.7999999999999998,-1.4,-0.4,0.0,-0.39999999999999997,-1.323311722322767
79,2026-06-30,Round of 32,Mexico,Ecuador,2,0,2,0.4,0.4,1.0,-0.39999999999999997,-0.2,0.4,0.0,-0.1793992163786029
80,2026-07-01,Round of 32,England,Congo DR,2,1,1,0.6000000000000001,0.6000000000000001,1.0,-0.6,-0.2,0.20000000000000007,0.0,-0.08456944629245089
81,2026-07-01,Round of 32,Belgium,Senegal,3,2,1,0.39999999999999997,0.19999999999999996,0.6000000000000001,-1.4,0.2,0.0,-0.6,-0.4945365349040456
82,2026-07-01,Round of 32,USA,Bosnia–Herz,2,0,2,0.39999999999999997,0.0,1.2,0.20000000000000018,-0.6,0.19999999999999996,0.39999999999999997,0.0
83,2026-07-02,Round of 32,Spain,Austria,3,0,3,0.0,0.19999999999999996,0.19999999999999996,-0.7999999999999999,0.2,0.0,-0.4,0.15674496425784112
84,2026-07-02,Round of 32,Portugal,Croatia,2,1,1,0.0,0.2,0.6000000000000001,-1.0,0.4,0.0,-0.4,0.4304764628172737
85,2026-07-02,Round of 32,Switzerland,Algeria,2,0,2,0.0,-0.4,0.3999999999999999,-0.3999999999999999,0.2,0.19999999999999996,-0.4,-0.9934049907919165
86,2026-07-03,Round of 32,Australia,Egypt,1,1,0,-0.2,0.2,-0.7999999999999999,-0.19999999999999996,0.0,-0.6,0.0,0.3430642723199946
87,2026-07-03,Round of 32,Argentina,Cabo Verde,3,2,1,0.6,0.0,1.0,-0.2,-0.6,0.4,-0.2,-1.0954451150103321
88,2026-07-03,Round of 32,Colombia,Ghana,1,0,1,0.6000000000000001,0.19999999999999996,1.2000000000000002,-0.6,-0.2,0.20000000000000007,-0.4,-0.2457482340992222
89,2026-07-04,Round of 16,Canada,Morocco,0,3,-3,0.0,0.2,0.3999999999999999,-0.19999999999999996,-0.19999999999999996,0.0,0.0,1.8804601941024055
90,2026-07-04,Round of 16,Paraguay,France,0,1,-1,-0.6,0.19999999999999996,-1.8000000000000003,0.4,0.4,-0.19999999999999996,0.2,1.9622575220970606
91,2026-07-05,Round of 16,Brazil,Norway,1,2,-1,0.20000000000000007,0.4,0.0,-1.2000000000000002,0.0,0.0,-0.4,-0.8492494435207905
92,2026-07-05,Round of 16,Mexico,England,2,3,-1,0.19999999999999996,0.20000000000000007,0.3999999999999999,-0.39999999999999997,-0.2,0.19999999999999996,-0.2,0.0
93,2026-07-06,Round of 16,Portugal,Spain,0,1,-1,-0.20000000000000007,-0.4,-0.20000000000000018,0.39999999999999997,0.2,0.0,0.0,0.49250530524858216
94,2026-07-06,Round of 16,USA,Belgium,1,4,-3,0.0,0.0,-0.5999999999999996,0.3999999999999999,-0.4,0.19999999999999996,0.2,-0.4743791865247442
95,2026-07-07,Round of 16,Argentina,Egypt,3,2,1,0.8,0.6,1.4,-0.6,-0.6,0.0,0.0,-0.2587850884762568
96,2026-07-07,Round of 16,Switzerland,Colombia,0,0,0,-0.20000000000000007,-0.6000000000000001,0.6000000000000001,0.6000000000000001,0.2,0.19999999999999996,0.0,0.4671804545064542
97,2026-07-09,Quarter-finals,France,Morocco,2,0,2,0.4,0.19999999999999996,0.7999999999999998,-0.4,-0.4,0.0,-0.2,-0.4094132900406139
98,2026-07-10,Quarter-finals,Spain,Belgium,2,1,1,0.20000000000000007,0.8,-0.8,-1.0,-0.2,0.0,-0.2,-0.1734225399429965
99,2026-07-11,Quarter-finals,Norway,England,1,2,-1,0.0,-0.4,0.19999999999999973,0.8,-0.2,0.19999999999999996,0.0,1.3542302034865892
100,2026-07-11,Quarter-finals,Argentina,Switzerland,3,1,2,0.4,0.0,0.9999999999999998,0.4,-0.4,0.19999999999999996,0.4,-0.4671804545064542
101,2026-07-14,Semi-finals,France,Spain,0,2,-2,0.0,0.0,0.3999999999999999,0.0,0.0,0.0,0.0,-0.5197863713731793
102,2026-07-15,Semi-finals,England,Argentina,1,2,-1,-0.19999999999999996,0.2,-0.9999999999999998,-0.3999999999999999,0.2,-0.19999999999999996,-0.2,0.1593842236813815
103,2026-07-18,Third-place match,France,England,4,6,-2,0.0,0.39999999999999997,0.0,-0.6,0.0,-0.19999999999999996,-0.2,0.9781990203224395
104,2026-07-19,Final,Spain,Argentina,1,0,1,0.0,0.8,-0.9999999999999998,-1.2,0.0,0.0,-0.4,0.3467046334947498
