,win_rate_diff_last5,clean_sheet_rate_diff_last5,avg_goals_scored_diff_last5,avg_goals_conceded_diff_last5,draw_rate_diff_last5,scoring_rate_diff_last5,concede_2plus_rate_diff_last5,goal_diff_std_diff_last5,goal_difference
win_rate_diff_last5,1.0,0.5253550710221254,0.7558420630480076,-0.6610879376020228,-0.4091407629882148,0.5807159802363953,-0.5830428375085605,-0.07547568314669705,0.5039734870847415
clean_sheet_rate_diff_last5,0.5253550710221254,1.0,0.029852831676146628,-0.7388544855824513,-0.09129047848441563,0.10179308642530212,-0.6196198834841669,-0.16205549333453442,0.2325556120258833
avg_goals_scored_diff_last5,0.7558420630480076,0.029852831676146628,1.0,-0.23712443114001044,-0.25948848535769703,0.7093442685135005,-0.21692948870656756,0.18452210367295274,0.4603685147161267
avg_goals_conceded_diff_last5,-0.6610879376020228,-0.7388544855824513,-0.23712443114001044,1.0,-0.10360728402533381,-0.25530481600532423,0.8928387889650076,0.4323487250735399,-0.37802909053200057
draw_rate_diff_last5,-0.4091407629882148,-0.09129047848441563,-0.25948848535769703,-0.10360728402533381,1.0,0.02191869808817465,-0.17881592996947485,-0.3631560767136171,-0.05029782637886991
scoring_rate_diff_last5,0.5807159802363953,0.10179308642530212,0.7093442685135005,-0.25530481600532423,0.02191869808817465,1.0,-0.1516913817442847,-0.2327573997011066,0.46872103284170624
concede_2plus_rate_diff_last5,-0.5830428375085605,-0.6196198834841669,-0.21692948870656756,0.8928387889650076,-0.17881592996947485,-0.1516913817442847,1.0,0.2382030550859128,-0.3329063964946296
goal_diff_std_diff_last5,-0.07547568314669705,-0.16205549333453442,0.18452210367295274,0.4323487250735399,-0.3631560767136171,-0.2327573997011066,0.2382030550859128,1.0,-0.22928207967707334
goal_difference,0.5039734870847415,0.2325556120258833,0.4603685147161267,-0.37802909053200057,-0.05029782637886991,0.46872103284170624,-0.3329063964946296,-0.22928207967707334,1.0
